È¢ëÈÅì ID,È¢ëÈÅìÁΩëÂùÄ,È¢ëÈÅìÊ†áÈ¢ò
UC-4eQ0qe-Az5tzOFkIReGEg,http://www.youtube.com/channel/UC-4eQ0qe-Az5tzOFkIReGEg,Jinoo 95
UC-BTJQMF5SMAYfXVLEwPr3w,http://www.youtube.com/channel/UC-BTJQMF5SMAYfXVLEwPr3w,ÍπÄÍΩÉÏÜ° KIMGGOTSONG
UC-H32Jo_EO1hrbErM5gTjWw,http://www.youtube.com/channel/UC-H32Jo_EO1hrbErM5gTjWw,Xem Clips
UC-z7VouoGEHEWf_cDhoN-dA,http://www.youtube.com/channel/UC-z7VouoGEHEWf_cDhoN-dA,Kanbokeh
UC0-Cp_cg9_Orij5XDoNyJ-g,http://www.youtube.com/channel/UC0-Cp_cg9_Orij5XDoNyJ-g,Êù±„Çπ„Éù„É¨„Éº„Çπ„ÉÅ„É£„É≥„Éç„É´
UC0Mfjh0b8lKz0ZOC-2EtZRA,http://www.youtube.com/channel/UC0Mfjh0b8lKz0ZOC-2EtZRA,ÏÇ¨ÏßÑÏ∞çÎäî ÏßÅÏ∫†Îü¨
UC0NFDKsv-oHo8FSRE13me7g,http://www.youtube.com/channel/UC0NFDKsv-oHo8FSRE13me7g,Í±∏Í∑∏Î£π Í±∏ÌÅ¨Îü¨Ïâ¨girl-crush official
UC1mH75mziJ8B_YZrH8b-Qbg,http://www.youtube.com/channel/UC1mH75mziJ8B_YZrH8b-Qbg,Ïû•Í∏∏ÏÇ∞
UC1oWjNJHLCJn8UXWaIbqYjg,http://www.youtube.com/channel/UC1oWjNJHLCJn8UXWaIbqYjg,Íµ≠ÎØºÌîºÌã∞
UC20oe-ECFnuQH8jr-4McArw,http://www.youtube.com/channel/UC20oe-ECFnuQH8jr-4McArw,ÎØ∏Ïú†ÌÉ±Miu_Taeng
UC239IoEfGfz3t21ZN0VCEQg,http://www.youtube.com/channel/UC239IoEfGfz3t21ZN0VCEQg,Films_LA
UC2438agqoSUoHcoTqKVRfOA,http://www.youtube.com/channel/UC2438agqoSUoHcoTqKVRfOA,BJ Tiger Sexy
UC330kxb947unt3tm7UOQ2LQ,http://www.youtube.com/channel/UC330kxb947unt3tm7UOQ2LQ,(Íµ¨) ÏûêÏä§ Ìå¨Ï∫†
UC3JORoOWQZFDvBRbkKirhDQ,http://www.youtube.com/channel/UC3JORoOWQZFDvBRbkKirhDQ,ARAY_HOPE
UC3SyT4_WLHzN7JmHQwKQZww,http://www.youtube.com/channel/UC3SyT4_WLHzN7JmHQwKQZww,Ïù¥ÏßÄÍ∏à [IU Official]
UC3hRpIQ4x5niJDwjajQSVPg,http://www.youtube.com/channel/UC3hRpIQ4x5niJDwjajQSVPg,ÌïèÎ∏îÎ¶¨ FITVELY
UC3iCGU82DkLi2T4eYr-BiBg,http://www.youtube.com/channel/UC3iCGU82DkLi2T4eYr-BiBg,Darnu-Pop
UC4GZ1dNQKWWFDQ4IWl4DezA,http://www.youtube.com/channel/UC4GZ1dNQKWWFDQ4IWl4DezA,ÈªëÁî∑ÈÇ±ÊØîÁâπ
UC4RiA14BWJGSajeL38Vn4xQ,http://www.youtube.com/channel/UC4RiA14BWJGSajeL38Vn4xQ,‰ΩêÈáé„Å≤„Å™„Åì
UC4xgghZYLhpvrOIbSVH-NjQ,http://www.youtube.com/channel/UC4xgghZYLhpvrOIbSVH-NjQ,ÌïòÎ£®Ï¢ÖÏùº Harujongil
UC4yq3FWEWqMvFNFBsV3gbKQ,http://www.youtube.com/channel/UC4yq3FWEWqMvFNFBsV3gbKQ,ÌûôÏúºÎú∏
UC5GZ9VTiA33zlaYUpCV7C2g,http://www.youtube.com/channel/UC5GZ9VTiA33zlaYUpCV7C2g,ÏèòÏñåSOYAM
UC5bp5_6h-ZxkBz6S_33ZUVg,http://www.youtube.com/channel/UC5bp5_6h-ZxkBz6S_33ZUVg,Mango Street
UC64Z_7asrekIkc5h2v5tnHw,http://www.youtube.com/channel/UC64Z_7asrekIkc5h2v5tnHw,Greyscalegorilla
UC6TSBn2RAx036n04GaN6McA,http://www.youtube.com/channel/UC6TSBn2RAx036n04GaN6McA,Eleni Fit
UC6sMMhOdJu53G3doJGmsSXQ,http://www.youtube.com/channel/UC6sMMhOdJu53G3doJGmsSXQ,Evelyn Ïù¥Î∏îÎ¶∞
UC7187B6PzARHPjBjWRMJt9Q,http://www.youtube.com/channel/UC7187B6PzARHPjBjWRMJt9Q,Áî∑ÁîüÂ•≥ÁîüÈÖç
UC76mz6rogQJgtr6mHBmtVvA,http://www.youtube.com/channel/UC76mz6rogQJgtr6mHBmtVvA,Photo-Me-Ike
UC7akIvmrGMa5sEVR0IeH3YA,http://www.youtube.com/channel/UC7akIvmrGMa5sEVR0IeH3YA,Avnish Parker
UC7eS4Bto5It7gtO8IizfkOA,http://www.youtube.com/channel/UC7eS4Bto5It7gtO8IizfkOA,MisaÁ±≥Á†Ç
UC8Ly-4dnxWOV9iddXO2WUdA,http://www.youtube.com/channel/UC8Ly-4dnxWOV9iddXO2WUdA,VROK Î∏åÏù¥Î°ù
UC8fzs5HGpG3NHyesQwF5rEA,http://www.youtube.com/channel/UC8fzs5HGpG3NHyesQwF5rEA,Easy After Effects
UC9A71ZP0dcdxPzY_hT9lnIw,http://www.youtube.com/channel/UC9A71ZP0dcdxPzY_hT9lnIw,Ïä§ÌîºÎÑ¨
UC9FSJEciUKAL59YfTG3otaA,http://www.youtube.com/channel/UC9FSJEciUKAL59YfTG3otaA,‰π≥ÊëáTV
UC9K0rLE1SMh86nVxzkCBpNA,http://www.youtube.com/channel/UC9K0rLE1SMh86nVxzkCBpNA,ÌëúÏùÄÏßÄEunji Pyoapple
UC9XVPROR-gM3swX0EIOiRaw,http://www.youtube.com/channel/UC9XVPROR-gM3swX0EIOiRaw,ÏõåÎãàgawonaa
UC9bAAZwCTobR1m4yK9wZOUA,http://www.youtube.com/channel/UC9bAAZwCTobR1m4yK9wZOUA,ÂÆâÂ∏åAnxi
UC9trbyGOOjJmMea3w6c-e2A,http://www.youtube.com/channel/UC9trbyGOOjJmMea3w6c-e2A,ÎπÑÌÉÄÎØºÏã†ÏßÄÎãà VitaminJINY
UCANFclnSaIiMoyd4Q9sK7ug,http://www.youtube.com/channel/UCANFclnSaIiMoyd4Q9sK7ug,Evoke
UCATC7a3C7maWUe_uymIoq-g,http://www.youtube.com/channel/UCATC7a3C7maWUe_uymIoq-g,CYBERJAPAN DANCERS Official
UCAbYEVIRjmhiqrBOf56UTkQ,http://www.youtube.com/channel/UCAbYEVIRjmhiqrBOf56UTkQ,iDance Studio
UCAbq1eKey19tt-FfaIO1RMA,http://www.youtube.com/channel/UCAbq1eKey19tt-FfaIO1RMA,Dansky
UCAlJRzxaF304qbnnU9LHPQg,http://www.youtube.com/channel/UCAlJRzxaF304qbnnU9LHPQg,Yassu Dance
UCAwEZbDvBteAKJmwKJzF4UA,http://www.youtube.com/channel/UCAwEZbDvBteAKJmwKJzF4UA,ÎßëÏùÄÏßÄÎÇòJINA
UCB1h4X2J0J-8sVVcHvzQahw,http://www.youtube.com/channel/UCB1h4X2J0J-8sVVcHvzQahw,Ïòå YEN
UCBD69nZPJRjgJ1QxJ2TCHVw,http://www.youtube.com/channel/UCBD69nZPJRjgJ1QxJ2TCHVw,POCKETGIRLS
UCBWywoF2xN3q0M_bWZvdvMw,http://www.youtube.com/channel/UCBWywoF2xN3q0M_bWZvdvMw,New
UCBc81_prdalGLfgwc2ll7zg,http://www.youtube.com/channel/UCBc81_prdalGLfgwc2ll7zg,Ìì®Îî© pureding
UCBe1Ohvh25Q271AqYnktxDQ,http://www.youtube.com/channel/UCBe1Ohvh25Q271AqYnktxDQ,FanTastiCut Library
UCBhnI7_z3NIJmneNe7wjlPw,http://www.youtube.com/channel/UCBhnI7_z3NIJmneNe7wjlPw,Velvet Tube „Éô„É´„Éô„ÉÉ„Éà„ÉÅ„É•„Éº„Éñ Î≤®Î≤≥ÌäúÎ∏å
UCCTueRmZ-1enGUHhjycaYJQ,http://www.youtube.com/channel/UCCTueRmZ-1enGUHhjycaYJQ,seoa vod
UCCgLoMYIyP0U56dEhEL1wXQ,http://www.youtube.com/channel/UCCgLoMYIyP0U56dEhEL1wXQ,Chloe Ting
UCDTYOJ_y97Fj7I9UtxNCUiw,http://www.youtube.com/channel/UCDTYOJ_y97Fj7I9UtxNCUiw,ÍπÄÌò∏Ïòπ KIMHOONG
UCEA9zuRgGKdK2Clrrgw0WOA,http://www.youtube.com/channel/UCEA9zuRgGKdK2Clrrgw0WOA,305 MIAMI VISUALS
UCELt3eBmFmGZczvHijJefkA,http://www.youtube.com/channel/UCELt3eBmFmGZczvHijJefkA,Avont√© Boykins
UCEY7xFcSISwfkRyyZDV43nA,http://www.youtube.com/channel/UCEY7xFcSISwfkRyyZDV43nA,BME VISUALS
UCEgIN0yG3PeVF4JfJ-ZG0UQ,http://www.youtube.com/channel/UCEgIN0yG3PeVF4JfJ-ZG0UQ,Î≥¥ÎùºÎØ∏Ïú† Boramiyu
UCF5QCwkMeSGVo82pxO177ww,http://www.youtube.com/channel/UCF5QCwkMeSGVo82pxO177ww,ÂÆ∂Â∫≠ÊïôÂ∏´„Å≠„Å≠
UCF5pdu3Z2Hk8bouDB_C3zFg,http://www.youtube.com/channel/UCF5pdu3Z2Hk8bouDB_C3zFg,ECAbrams
UCFONiDGlJqfBN1EjNgiFDNA,http://www.youtube.com/channel/UCFONiDGlJqfBN1EjNgiFDNA,ÎàÑÎîîÎ™∞NUDMALL
UCG1vADBGmj8xyRnknR7SgQg,http://www.youtube.com/channel/UCG1vADBGmj8xyRnknR7SgQg,Î∞úÎ¶¨ÎπÑÌÇ§ - BALIBIKI
UCGX6j1r9m1xjOIMEhRqZNkQ,http://www.youtube.com/channel/UCGX6j1r9m1xjOIMEhRqZNkQ,Mina's TV ÎØ∏ÎÇòÎÑ§TV
UCGf-1hAkAUZvp3p-dqdYUDw,http://www.youtube.com/channel/UCGf-1hAkAUZvp3p-dqdYUDw,ÏÜ°Ï±ÑÏõê ChaewonTV
UCHMMStnbsv13tXigCkW_sBQ,http://www.youtube.com/channel/UCHMMStnbsv13tXigCkW_sBQ,AOA
UCHTZl9wrDAV45L8IPS7ZYzg,http://www.youtube.com/channel/UCHTZl9wrDAV45L8IPS7ZYzg,Ï†ïÏùÄÏßÄ EUNJI
UCHgV1nwCXuf_qV0DfzgMcDQ,http://www.youtube.com/channel/UCHgV1nwCXuf_qV0DfzgMcDQ,bw2046
UCI7ktPB6toqucpkkCiolwLg,http://www.youtube.com/channel/UCI7ktPB6toqucpkkCiolwLg,Pan Piano
UCIA3-TFbWEk0EOtM4ZTyuHg,http://www.youtube.com/channel/UCIA3-TFbWEk0EOtM4ZTyuHg,ÍΩÉÎπµ TV GGotBBang TV
UCISg6B0UZg0zcUN6jkoDLNw,http://www.youtube.com/channel/UCISg6B0UZg0zcUN6jkoDLNw,„ÇÜ„ÅÜ„ÅãÔºàYuuka SagawaÔºâ
UCImlo3XNbiYIrPcsf0kfvTg,http://www.youtube.com/channel/UCImlo3XNbiYIrPcsf0kfvTg,Valentina Victoria
UCIqRE6_Rti3_QxiSB3PKQSw,http://www.youtube.com/channel/UCIqRE6_Rti3_QxiSB3PKQSw,FilmsByJosh
UCJ6TnJ2Q0e5Z3VAgGjrjyew,http://www.youtube.com/channel/UCJ6TnJ2Q0e5Z3VAgGjrjyew,ÏµúÏï†Ìîå ChoiApple
UCJaER0z3qCvzlZqxAB1IOiw,http://www.youtube.com/channel/UCJaER0z3qCvzlZqxAB1IOiw,Î∞îÎãàÏå§ ÏòàÏÅúÎ™∏Îß§ ÎßåÎì§Í∏∞
UCJjOYEwCz9t3VPMIyNSZHHA,http://www.youtube.com/channel/UCJjOYEwCz9t3VPMIyNSZHHA,Ronald Wayne
UCJlGXBHzZVbKqJu9ieAatlQ,http://www.youtube.com/channel/UCJlGXBHzZVbKqJu9ieAatlQ,Arrow
UCKjsDjy5Yz_fd0-kxUGao1A,http://www.youtube.com/channel/UCKjsDjy5Yz_fd0-kxUGao1A,ÍπÄÏøÑÏøÑ
UCKqRheBWWCATRulqT1vxrww,http://www.youtube.com/channel/UCKqRheBWWCATRulqT1vxrww,ÁßëÊäÄlion
UCLKyUBSVQ-1OcD0WT1EzC-Q,http://www.youtube.com/channel/UCLKyUBSVQ-1OcD0WT1EzC-Q,ÍπÄÎπõÎÇòÎùº bitnara
UCMBwfAHRlKdpvAY72oael8g,http://www.youtube.com/channel/UCMBwfAHRlKdpvAY72oael8g,hoyasama
UCMm5SJ7f1kYSaHfxe4Ia52g,http://www.youtube.com/channel/UCMm5SJ7f1kYSaHfxe4Ia52g,ÏóîÌîΩÏª¥ÌçºÎãà Official
UCNKoc7sH53ULk815zU6Citg,http://www.youtube.com/channel/UCNKoc7sH53ULk815zU6Citg,È∫ªË±ÜÂÇ≥Â™íÊò†Áï´ÂÆòÊñπÈ†ªÈÅì
UCNz2YbRPdGvyBq5qq7iqNwQ,http://www.youtube.com/channel/UCNz2YbRPdGvyBq5qq7iqNwQ,ÂúãÂÖâÂπ´Âπ´Âøô  The Gang of Kuo Kuan Forever
UCO11lxcm_-212ciYIGXZRgw,http://www.youtube.com/channel/UCO11lxcm_-212ciYIGXZRgw,ÎπÑÎ™Ω
UCO2GVjlhscG3hxfOZYUYLxg,http://www.youtube.com/channel/UCO2GVjlhscG3hxfOZYUYLxg,ÏèòÎ∏îÎ¶¨ TV
UCOON7HbktJy5i19fyKTOEXw,http://www.youtube.com/channel/UCOON7HbktJy5i19fyKTOEXw,Ïù¥ÏßÄLeezy
UCOmHUn--16B90oW2L6FRR3A,http://www.youtube.com/channel/UCOmHUn--16B90oW2L6FRR3A,BLACKPINK
UCOo2BVhH0-f03z8IhtG3msw,http://www.youtube.com/channel/UCOo2BVhH0-f03z8IhtG3msw,ÏàòÎ†®ÏàòÎ†®
UCPENYtHg4Xhmm6oX8zaQA7Q,http://www.youtube.com/channel/UCPENYtHg4Xhmm6oX8zaQA7Q,GIRLS' GENERATION
UCPL1pFqXQOqYeLe-PRYJYBg,http://www.youtube.com/channel/UCPL1pFqXQOqYeLe-PRYJYBg,Ïó∞Ìôî YeonHwa
UCPQTfX7bGMxIkt8w2Un14cA,http://www.youtube.com/channel/UCPQTfX7bGMxIkt8w2Un14cA,IBIZA
UCPYSNe9oPa2q1xEMYVRWb1w,http://www.youtube.com/channel/UCPYSNe9oPa2q1xEMYVRWb1w,„Å†„Éº„Åó„ÅÆch - dashino - 
UCQx1iJ96bp5wgKIh56b3ZlA,http://www.youtube.com/channel/UCQx1iJ96bp5wgKIh56b3ZlA,Ïä¨Î†åÏÑúÏïÑ Slenn Seoah
UCQyp3CBrBSfIynoDosN3c7g,http://www.youtube.com/channel/UCQyp3CBrBSfIynoDosN3c7g,MOBOX Graphics
UCQypJeYqKTFPJjCQ2MrAtEw,http://www.youtube.com/channel/UCQypJeYqKTFPJjCQ2MrAtEw,Î∞îÎ∞îÏä§ÌäúÎîîÏò§_VAVASTUDIO
UCRAiFSsY4ePCfJ_m66SrIbQ,http://www.youtube.com/channel/UCRAiFSsY4ePCfJ_m66SrIbQ,Nguy·ªÖn H√†o Vlog
UCRTG2kGt6CJj5oOoROCoRcw,http://www.youtube.com/channel/UCRTG2kGt6CJj5oOoROCoRcw,e_seoa
UCRZCfekj7RbEIYCPVoyT30w,http://www.youtube.com/channel/UCRZCfekj7RbEIYCPVoyT30w,ÊÉ≥ÂÖ•ÈúèÈúè Ms. Fei Fei
UCRiIupw0nlfYqHjWrxPmmzQ,http://www.youtube.com/channel/UCRiIupw0nlfYqHjWrxPmmzQ,ÂêâÊîØÊòèÊôÇÈñì
UCRocO3B31Q02rrWmeKycELA,http://www.youtube.com/channel/UCRocO3B31Q02rrWmeKycELA,Bikini Sports
UCRyzkLYn02uuZsZ-MatgsLw,http://www.youtube.com/channel/UCRyzkLYn02uuZsZ-MatgsLw,ÏúàÎìúÌã∞ÎπÑ WIND TV (MY NAME WIND)
UCS0UYwNnawQHXrYeTNMgeOw,http://www.youtube.com/channel/UCS0UYwNnawQHXrYeTNMgeOw,yu Little
UCS7W22-coWXOmlyN97S2pvg,http://www.youtube.com/channel/UCS7W22-coWXOmlyN97S2pvg,Spinel CAM
UCS_PIm8Fe1ZYaepDw27wwMg,http://www.youtube.com/channel/UCS_PIm8Fe1ZYaepDw27wwMg,Í≤∞ KYUL
UCT9WT7VDJ84yxEb7nOXWP3Q,http://www.youtube.com/channel/UCT9WT7VDJ84yxEb7nOXWP3Q,SEXY BAMBINO FANCAM
UCTO0FXxAUyOrl2mZ-wz3g2Q,http://www.youtube.com/channel/UCTO0FXxAUyOrl2mZ-wz3g2Q,Alain Moise
UCUFNaNGi3lnBPq4gtdfJCAA,http://www.youtube.com/channel/UCUFNaNGi3lnBPq4gtdfJCAA,INFINI HD 4K ( dan201 )
UCU_vu6ZgG4Zi7h4xRL6dwDQ,http://www.youtube.com/channel/UCU_vu6ZgG4Zi7h4xRL6dwDQ,pharkil 2015
UCUfhHd0jYRUFJ690tzL7aug,http://www.youtube.com/channel/UCUfhHd0jYRUFJ690tzL7aug,NANA
UCVNbvtbjThy1PCaVzarknmA,http://www.youtube.com/channel/UCVNbvtbjThy1PCaVzarknmA,NANA style
UCVhavsn1-cTE0zimk0-a8JA,http://www.youtube.com/channel/UCVhavsn1-cTE0zimk0-a8JA,KoreanSexyGirls
UCVmS1iP5PP2wZxpY1IGtoQg,http://www.youtube.com/channel/UCVmS1iP5PP2wZxpY1IGtoQg,Êú¨Ë≥™ÁêÉËø∑
UCVvVYAfbA1fFphb-TnZsRcQ,http://www.youtube.com/channel/UCVvVYAfbA1fFphb-TnZsRcQ,ÏïÑÏòÅÌô©
UCW07SNrHLSGBGjKbciVq0TQ,http://www.youtube.com/channel/UCW07SNrHLSGBGjKbciVq0TQ,MASIL
UCWz7nx4yipr9VNwLXy499uQ,http://www.youtube.com/channel/UCWz7nx4yipr9VNwLXy499uQ,LUXY GIRLSÁæéÂºèÂï¶Âï¶Èöäüì£ TAIWAN Official
UCXaXV66poAIXDR9lEFEGYlw,http://www.youtube.com/channel/UCXaXV66poAIXDR9lEFEGYlw,Ê£ÆÂí≤Êô∫Áæé„ÉÅ„É£„É≥„Éç„É´ / Tomomi Morisaki Channel
UCYjB6uufPeHSwuHs8wovLjg,http://www.youtube.com/channel/UCYjB6uufPeHSwuHs8wovLjg,‰∏≠ÊåáÈÄö
UCYn9o7_fFhLsIYBlU7_MPGg,http://www.youtube.com/channel/UCYn9o7_fFhLsIYBlU7_MPGg,ÏñëÏÑúÏú§ Seoyoon
UCZ1Qw2-vJtJ65FwZvPSsY0g,http://www.youtube.com/channel/UCZ1Qw2-vJtJ65FwZvPSsY0g,HotSexyKpop69
UCZVlhH2VbvZPmJvxArOeomQ,http://www.youtube.com/channel/UCZVlhH2VbvZPmJvxArOeomQ,ÎèºÎûåÏù¥ DAERAM
UCZ_BqE-gPJuh4PxZDgtqzYQ,http://www.youtube.com/channel/UCZ_BqE-gPJuh4PxZDgtqzYQ,Global Beauty
UC_gkwRB-p1JrOzzJk7PBKDQ,http://www.youtube.com/channel/UC_gkwRB-p1JrOzzJk7PBKDQ,ÏÜåÏã†ÏÇ¨Ïû• SoshinTV
UC_hM25XDVLrpFGXzZ2Q7XgA,http://www.youtube.com/channel/UC_hM25XDVLrpFGXzZ2Q7XgA,Apink X Cloud
UC_pHbARCZUSzQVvShV2h3DQ,http://www.youtube.com/channel/UC_pHbARCZUSzQVvShV2h3DQ,HEXA6ON
UC_rifxahjOOKTOBsyT9ZPSA,http://www.youtube.com/channel/UC_rifxahjOOKTOBsyT9ZPSA,ÁæéÂ•≥ÂÅ•Ë∫´ËÅØÁõü
UCa3Qv6giqAn7qQTqm2ZnZXg,http://www.youtube.com/channel/UCa3Qv6giqAn7qQTqm2ZnZXg,Ïä¨Î°Ø Îî±Îî∞Íµ¨Î¶¨ 3
UCa4E3WANDmArBAIULKZUErA,http://www.youtube.com/channel/UCa4E3WANDmArBAIULKZUErA,Zennyrt Ïã†Ïû¨ÏùÄ
UCa_rR3kBarKWS9KSp8BtoHQ,http://www.youtube.com/channel/UCa_rR3kBarKWS9KSp8BtoHQ,Sang-A yonini
UCb1oG-4QYwEJ_wLeXda-MhA,http://www.youtube.com/channel/UCb1oG-4QYwEJ_wLeXda-MhA,Îü¨Î∏îÎ¶¨ Ïû•ÎØ∏ Î£©Î∂Å LookBook
UCc1JmxCZgWOVWFwh6NX01qg,http://www.youtube.com/channel/UCc1JmxCZgWOVWFwh6NX01qg,Miss DegrEE
UCcXge0SNMe5PBzexrYdhHnw,http://www.youtube.com/channel/UCcXge0SNMe5PBzexrYdhHnw,Girl Crush VN
UCdld7SHk9IyYSkNrHA9B6Dw,http://www.youtube.com/channel/UCdld7SHk9IyYSkNrHA9B6Dw,A-YEON
UCduMl81DBeHjYHNZiI9zOzw,http://www.youtube.com/channel/UCduMl81DBeHjYHNZiI9zOzw,An & Yui
UCdxQB1h01zTyTHPxIbaScrQ,http://www.youtube.com/channel/UCdxQB1h01zTyTHPxIbaScrQ,BIGSIS Workout
UCe5jyTEG-ZG7qchr07RgXZA,http://www.youtube.com/channel/UCe5jyTEG-ZG7qchr07RgXZA,Í≤®Ïö∞Îîî
UCeITILKCVEyGhqu2otJT0kw,http://www.youtube.com/channel/UCeITILKCVEyGhqu2otJT0kw,18-Á¶Å
UCfDkQiPchwM0F2SkHWl5JYQ,http://www.youtube.com/channel/UCfDkQiPchwM0F2SkHWl5JYQ,ÎπÖÏî®Ïä§ Bigsis
UCfiCVvy-jRTQH1EpPPntpfw,http://www.youtube.com/channel/UCfiCVvy-jRTQH1EpPPntpfw,Berry TV
UCfseXE7Kc0mKSPvjp_QUAzQ,http://www.youtube.com/channel/UCfseXE7Kc0mKSPvjp_QUAzQ,Wild Set Free
UCg5KvrQT3ye7epl338EmcIw,http://www.youtube.com/channel/UCg5KvrQT3ye7epl338EmcIw,MAXIM KOREA
UChFR4jj_UQ_XVgXkzQUE2tA,http://www.youtube.com/channel/UChFR4jj_UQ_XVgXkzQUE2tA,Magical Massage
UCheVB82oLuNfOku-UOx-U3g,http://www.youtube.com/channel/UCheVB82oLuNfOku-UOx-U3g,HotSexyKpop69
UCiLTcd3EOUp60q-K1oEixRQ,http://www.youtube.com/channel/UCiLTcd3EOUp60q-K1oEixRQ,thedrakeleeshow
UCj2Rx-rb_g0lu1-dn2seZ2w,http://www.youtube.com/channel/UCj2Rx-rb_g0lu1-dn2seZ2w,drighk fancam 2015
UCjsFn111Z8R4eKuRpPz4ZuA,http://www.youtube.com/channel/UCjsFn111Z8R4eKuRpPz4ZuA,CG Shortcuts
UCjvsD9ZJRshsmhabFFUH7aA,http://www.youtube.com/channel/UCjvsD9ZJRshsmhabFFUH7aA,eyedesyn
UCjycdjXXxoge7UuEAZpAlxw,http://www.youtube.com/channel/UCjycdjXXxoge7UuEAZpAlxw,LE SOL
UCk9GmdlDTBfgGRb7vXeRMoQ,http://www.youtube.com/channel/UCk9GmdlDTBfgGRb7vXeRMoQ,Red Velvet
UCkSFGLd3l3tJRC6aWQHqYuA,http://www.youtube.com/channel/UCkSFGLd3l3tJRC6aWQHqYuA,Î™ÖÏïÑÎäî Ïò§ÎòêÏºÄ Auddk
UClM-qcs73K82w_NVC3PeK0w,http://www.youtube.com/channel/UClM-qcs73K82w_NVC3PeK0w,„ÄêÁæéÂ•≥TV„Äë Beauty TV
UClN5EsofXLP_SJae9WuzD0A,http://www.youtube.com/channel/UClN5EsofXLP_SJae9WuzD0A,D&K MODEL
UClkRzsdvg7_RKVhwDwiDZOA,http://www.youtube.com/channel/UClkRzsdvg7_RKVhwDwiDZOA,JFlaMusic
UCm4ayx22Ji_CJayHtOHDeuA,http://www.youtube.com/channel/UCm4ayx22Ji_CJayHtOHDeuA,APINK COMEDY
UCm5X-7uhDOv4gJRQv36vt8w,http://www.youtube.com/channel/UCm5X-7uhDOv4gJRQv36vt8w,Hot Dance
UCmbOr3Lf46Y9P9Lrwt1IDOQ,http://www.youtube.com/channel/UCmbOr3Lf46Y9P9Lrwt1IDOQ,Shuu Vayu
UCn-6JuRAmoEJwS2bjLztFXw,http://www.youtube.com/channel/UCn-6JuRAmoEJwS2bjLztFXw,Ïù¥Ìï¥Ïù∏
UCn8pxWEV8SfTB5D81ykj1Xw,http://www.youtube.com/channel/UCn8pxWEV8SfTB5D81ykj1Xw,SSOA TV
UCnAjvUhe_gijedkoPfm7dkg,http://www.youtube.com/channel/UCnAjvUhe_gijedkoPfm7dkg,Korea Sexy Dance
UCnrgQOVmJiRS8JW9nRCsFng,http://www.youtube.com/channel/UCnrgQOVmJiRS8JW9nRCsFng,Jeff Sarita
UCnxYo6jHperFptv02QNf3mA,http://www.youtube.com/channel/UCnxYo6jHperFptv02QNf3mA,ASM fashionTV
UCopiQ6DaRujU9iV9g-zrrMQ,http://www.youtube.com/channel/UCopiQ6DaRujU9iV9g-zrrMQ,ÊØíÂ•∂Âçö‰∏ª
UCp5BkEkOV-ZT5USj9ObsWeA,http://www.youtube.com/channel/UCp5BkEkOV-ZT5USj9ObsWeA,„Ç§„Ç∏„ÉÅ„É£„É≥„Éç„É´
UCp8T4V-Swf4fpZ_ixK0HLYw,http://www.youtube.com/channel/UCp8T4V-Swf4fpZ_ixK0HLYw,ÂÆâÊ∑á
UCpEccvjnyv5nyv59cBsyf1A,http://www.youtube.com/channel/UCpEccvjnyv5nyv59cBsyf1A,ÂÖçË¥π vpn Vincent Jackson
UCpQ34afVgk8cRQBjSJ1xuJQ,http://www.youtube.com/channel/UCpQ34afVgk8cRQBjSJ1xuJQ,MadFit
UCpXjTWHbZEe7EfK-EylfYgQ,http://www.youtube.com/channel/UCpXjTWHbZEe7EfK-EylfYgQ,On Fashion TV 
UCpsqpAvzPDqPT-wfKLK_czA,http://www.youtube.com/channel/UCpsqpAvzPDqPT-wfKLK_czA,Kor Fancam
UCrTCkJ8377E7JhsMeyLXtKA,http://www.youtube.com/channel/UCrTCkJ8377E7JhsMeyLXtKA,DaftTaengk
UCrjJQ1t9s3BJWP_rynXTfSQ,http://www.youtube.com/channel/UCrjJQ1t9s3BJWP_rynXTfSQ,ÎÇ®ÏÉÅÎØ∏
UCsLF0qPTpkYKq81HsjgzhwQ,http://www.youtube.com/channel/UCsLF0qPTpkYKq81HsjgzhwQ,growingannanas
UCsqRr_bHxNFB56VCZQiLChg,http://www.youtube.com/channel/UCsqRr_bHxNFB56VCZQiLChg,Realgraphic
UCtdLtIKzgme3iaYy2n7x7eA,http://www.youtube.com/channel/UCtdLtIKzgme3iaYy2n7x7eA,SHIFT
UCuHOJl7q9_5mrbN3EozLgJQ,http://www.youtube.com/channel/UCuHOJl7q9_5mrbN3EozLgJQ,Skpb K-Music Live [VOD]
UCuYtwhBPiVI5UiZgT3GEdAw,http://www.youtube.com/channel/UCuYtwhBPiVI5UiZgT3GEdAw,wannabe_bora
UCuu5RsAq_Yw1sKG_tGwd5Tw,http://www.youtube.com/channel/UCuu5RsAq_Yw1sKG_tGwd5Tw,Ï£ºÎßêÏùòÌôàÌä∏
UCvHqtUsAycw43HwfBQsCj2g,http://www.youtube.com/channel/UCvHqtUsAycw43HwfBQsCj2g,„Åæ„Åì„Å°
UCxOt-T-5x5LTc6vvdk08oUA,http://www.youtube.com/channel/UCxOt-T-5x5LTc6vvdk08oUA,BJ DANCE
UCyNUmnz9m3hbXbVeH23FLDg,http://www.youtube.com/channel/UCyNUmnz9m3hbXbVeH23FLDg,Swimwear & Underwear
UCyi63oNMrwqQoQNV7DAg2QA,http://www.youtube.com/channel/UCyi63oNMrwqQoQNV7DAg2QA,–®–∫–æ–ª–∞ –¢–∞–Ω—Ü–µ–≤ MDC NRG Moscow Dance Centre
UCyv_Dr7XjzSFpN67stIKNxw,http://www.youtube.com/channel/UCyv_Dr7XjzSFpN67stIKNxw,Yvan Creates
UCyvqwwpQYUHfQhm6g4UHRsQ,http://www.youtube.com/channel/UCyvqwwpQYUHfQhm6g4UHRsQ,ÏÉàÏÜ° Saesong
UCzlcLYGLCsW614ZmFy0QC6g,http://www.youtube.com/channel/UCzlcLYGLCsW614ZmFy0QC6g,ÏÜ°Ï£ºÏïÑ Song Joo A
UCzpOLMBZ6qxhb6GJ5eksq5A,http://www.youtube.com/channel/UCzpOLMBZ6qxhb6GJ5eksq5A,ÎΩêÎΩêÎΩê

UCliLrCS3vdavtuINIYoBZew,http://www.youtube.com/channel/UCliLrCS3vdavtuINIYoBZew,RealassBunny
UCjGMCiz4erfl96UKe3moU6g,https://www.youtube.com/channel/UCjGMCiz4erfl96UKe3moU6g,SOOTV
UCCJMNd-7d4bg0jxNS42q_xg,https://www.youtube.com/channel/UCCJMNd-7d4bg0jxNS42q_xg,Bamp K-MODEL 8K
UC6eLsXBM8f4--5o76Gqjo1g,https://www.youtube.com/channel/UC6eLsXBM8f4--5o76Gqjo1g,ÎçïÍµ¨ FanCam
UC64uLhBlxOSlxBx5G61wA3A,https://www.youtube.com/channel/UC64uLhBlxOSlxBx5G61wA3A,JeongCam
UCMXeNE15btGpcaozjYGIUYw,https://www.youtube.com/channel/UCMXeNE15btGpcaozjYGIUYw,CROMING MODEL FANCAM
UCkSFGLd3l3tJRC6aWQHqYuA,https://www.youtube.com/channel/UCkSFGLd3l3tJRC6aWQHqYuA,Î™ÖÏïÑÎäî Ïò§ÎòêÏºÄ Auddk
UCi1fmb76ba0cGNq0ToJ1Zsg,https://www.youtube.com/channel/UCi1fmb76ba0cGNq0ToJ1Zsg,Êó•Êú¨Ê∏©Ê≥âÂ¶πÂ≠ê
UCuGLbo40acq9XdhomsrzG9Q,https://www.youtube.com/channel/UCuGLbo40acq9XdhomsrzG9Q,‡∏î‡∏µ‡πÄ‡∏à ‡πÇ‡∏à‡∏° Official
UCrq6SU5gAHAAcdzOxJo_-uA,https://www.youtube.com/channel/UCrq6SU5gAHAAcdzOxJo_-uA,CandyRed
UCkVbWLs60QaCIGPw61KBHeA,https://www.youtube.com/channel/UCkVbWLs60QaCIGPw61KBHeA,Bamp VIDEO 8K
UCSkGWmFUiTszAa_N_AT2SFA,https://www.youtube.com/channel/UCSkGWmFUiTszAa_N_AT2SFA,THE INFLUENCER
UCRBT2MVgwUruwbRGsYFU-qw,https://www.youtube.com/channel/UCRBT2MVgwUruwbRGsYFU-qw,UMC_OFFICIAL
UCJ5U4Faks8qGTfq1avtKXFw,https://www.youtube.com/channel/UCJ5U4Faks8qGTfq1avtKXFw,Ïù¥ÏïÑÏù∏ Ainnee - ÏïÑÏù∏Î£©Î∂Å
UCKMyqhQAZwhvQYMhUs_Fk-Q,https://www.youtube.com/channel/UCKMyqhQAZwhvQYMhUs_Fk-Q,DaftTaengk++
UC-NQnlUsKwAbw1SqdK4Akog,https://www.youtube.com/channel/UC-NQnlUsKwAbw1SqdK4Akog,„Äê20ÊôÇÊõ¥Êñ∞„Äë„Ç∞„É©„Éì„Ç¢„É°„Ç§„Ç≠„É≥„Ç∞ÂçöË¶ß‰ºö
UCuTeRTOncVaD5ndZUHrjAEw,https://www.youtube.com/channel/UCuTeRTOncVaD5ndZUHrjAEw,Piper Presley
UCMEswlGLcAXxWVOGDS_gaUw,https://www.youtube.com/channel/UCMEswlGLcAXxWVOGDS_gaUw,„ÅÑ„Åè„Åø_193ch
UC2xFmgHu--EjUQE6USD6Q0w,https://www.youtube.com/channel/UC2xFmgHu--EjUQE6USD6Q0w,Berry TV Sports
UClOi6g5BEHo_T4CC69I7leQ,https://www.youtube.com/channel/UClOi6g5BEHo_T4CC69I7leQ,Sensuelle by Elle Blume
UCN4i4sEss46FjbZWnAafwDA,https://www.youtube.com/channel/UCN4i4sEss46FjbZWnAafwDA,MusiChef X Desire
UCVfywutOf56Y03wBT2k0YMQ,https://www.youtube.com/channel/UCVfywutOf56Y03wBT2k0YMQ,ÎùΩÌÇ∑Í±∏ ROCKIT GIRL
UCcO6cqVAN3-_YlHBy-ib2oA,https://www.youtube.com/channel/UCcO6cqVAN3-_YlHBy-ib2oA,„ÉÄ„É™„Å°„ÇÖ„Éº„Çã  / Dalichuru







